email,password
fakeuser1@mail.com,abcdefgh
fakeuser2@mail.com,abcdefgh
fakeuser3@mail.com,abcdefgh
fakeuser4@mail.com,abcdefgh
fakeuser5@mail.com,abcdefgh
fakeuser6@mail.com,abcdefgh
fakeuser7@mail.com,abcdefgh
fakeuser8@mail.com,abcdefgh
fakeuser9@mail.com,abcdefgh
fakeuser10@mail.com,abcdefgh
fakeuser11@mail.com,abcdefgh
fakeuser12@mail.com,abcdefgh
fakeuser13@mail.com,abcdefgh
fakeuser14@mail.com,abcdefgh
fakeuser15@mail.com,abcdefgh
fakeuser16@mail.com,abcdefgh
fakeuser17@mail.com,abcdefgh
fakeuser18@mail.com,abcdefgh
fakeuser19@mail.com,abcdefgh
fakeuser20@mail.com,abcdefgh
fakeuser21@mail.com,abcdefgh
fakeuser22@mail.com,abcdefgh
fakeuser23@mail.com,abcdefgh
fakeuser24@mail.com,abcdefgh
fakeuser25@mail.com,abcdefgh
fakeuser26@mail.com,abcdefgh
fakeuser27@mail.com,abcdefgh
fakeuser28@mail.com,abcdefgh
fakeuser29@mail.com,abcdefgh
fakeuser30@mail.com,abcdefgh
fakeuser31@mail.com,abcdefgh
fakeuser32@mail.com,abcdefgh
fakeuser33@mail.com,abcdefgh
fakeuser34@mail.com,abcdefgh
fakeuser35@mail.com,abcdefgh
fakeuser36@mail.com,abcdefgh
fakeuser37@mail.com,abcdefgh
fakeuser38@mail.com,abcdefgh
fakeuser39@mail.com,abcdefgh
fakeuser40@mail.com,abcdefgh
fakeuser41@mail.com,abcdefgh
fakeuser42@mail.com,abcdefgh
fakeuser43@mail.com,abcdefgh
fakeuser44@mail.com,abcdefgh
fakeuser45@mail.com,abcdefgh
fakeuser46@mail.com,abcdefgh
fakeuser47@mail.com,abcdefgh
fakeuser48@mail.com,abcdefgh
fakeuser49@mail.com,abcdefgh
fakeuser50@mail.com,abcdefgh
fakeuser51@mail.com,abcdefgh
fakeuser52@mail.com,abcdefgh
fakeuser53@mail.com,abcdefgh
fakeuser54@mail.com,abcdefgh
fakeuser55@mail.com,abcdefgh
fakeuser56@mail.com,abcdefgh
fakeuser57@mail.com,abcdefgh
fakeuser58@mail.com,abcdefgh
fakeuser59@mail.com,abcdefgh
fakeuser60@mail.com,abcdefgh
fakeuser61@mail.com,abcdefgh
fakeuser62@mail.com,abcdefgh
fakeuser63@mail.com,abcdefgh
fakeuser64@mail.com,abcdefgh
fakeuser65@mail.com,abcdefgh
fakeuser66@mail.com,abcdefgh
fakeuser67@mail.com,abcdefgh
fakeuser68@mail.com,abcdefgh
fakeuser69@mail.com,abcdefgh
fakeuser70@mail.com,abcdefgh
fakeuser71@mail.com,abcdefgh
fakeuser72@mail.com,abcdefgh
fakeuser73@mail.com,abcdefgh
fakeuser74@mail.com,abcdefgh
fakeuser75@mail.com,abcdefgh
fakeuser76@mail.com,abcdefgh
fakeuser77@mail.com,abcdefgh
fakeuser78@mail.com,abcdefgh
fakeuser79@mail.com,abcdefgh
fakeuser80@mail.com,abcdefgh
fakeuser81@mail.com,abcdefgh
fakeuser82@mail.com,abcdefgh
fakeuser83@mail.com,abcdefgh
fakeuser84@mail.com,abcdefgh
fakeuser85@mail.com,abcdefgh
fakeuser86@mail.com,abcdefgh
fakeuser87@mail.com,abcdefgh
fakeuser88@mail.com,abcdefgh
fakeuser89@mail.com,abcdefgh
fakeuser90@mail.com,abcdefgh
fakeuser91@mail.com,abcdefgh
fakeuser92@mail.com,abcdefgh
fakeuser93@mail.com,abcdefgh
fakeuser94@mail.com,abcdefgh
fakeuser95@mail.com,abcdefgh
fakeuser96@mail.com,abcdefgh
fakeuser97@mail.com,abcdefgh
fakeuser98@mail.com,abcdefgh
fakeuser99@mail.com,abcdefgh
fakeuser100@mail.com,abcdefgh
fakeuser101@mail.com,abcdefgh
fakeuser102@mail.com,abcdefgh
fakeuser103@mail.com,abcdefgh
fakeuser104@mail.com,abcdefgh
fakeuser105@mail.com,abcdefgh
fakeuser106@mail.com,abcdefgh
fakeuser107@mail.com,abcdefgh
fakeuser108@mail.com,abcdefgh
fakeuser109@mail.com,abcdefgh
fakeuser110@mail.com,abcdefgh
fakeuser111@mail.com,abcdefgh
fakeuser112@mail.com,abcdefgh
fakeuser113@mail.com,abcdefgh
fakeuser114@mail.com,abcdefgh
fakeuser115@mail.com,abcdefgh
fakeuser116@mail.com,abcdefgh
fakeuser117@mail.com,abcdefgh
fakeuser118@mail.com,abcdefgh
fakeuser119@mail.com,abcdefgh
fakeuser120@mail.com,abcdefgh
fakeuser121@mail.com,abcdefgh
fakeuser122@mail.com,abcdefgh
fakeuser123@mail.com,abcdefgh
fakeuser124@mail.com,abcdefgh
fakeuser125@mail.com,abcdefgh
fakeuser126@mail.com,abcdefgh
fakeuser127@mail.com,abcdefgh
fakeuser128@mail.com,abcdefgh
fakeuser129@mail.com,abcdefgh
fakeuser130@mail.com,abcdefgh
fakeuser131@mail.com,abcdefgh
fakeuser132@mail.com,abcdefgh
fakeuser133@mail.com,abcdefgh
fakeuser134@mail.com,abcdefgh
fakeuser135@mail.com,abcdefgh
fakeuser136@mail.com,abcdefgh
fakeuser137@mail.com,abcdefgh
fakeuser138@mail.com,abcdefgh
fakeuser139@mail.com,abcdefgh
fakeuser140@mail.com,abcdefgh
fakeuser141@mail.com,abcdefgh
fakeuser142@mail.com,abcdefgh
fakeuser143@mail.com,abcdefgh
fakeuser144@mail.com,abcdefgh
fakeuser145@mail.com,abcdefgh
fakeuser146@mail.com,abcdefgh
fakeuser147@mail.com,abcdefgh
fakeuser148@mail.com,abcdefgh
fakeuser149@mail.com,abcdefgh
fakeuser150@mail.com,abcdefgh
fakeuser151@mail.com,abcdefgh
fakeuser152@mail.com,abcdefgh
fakeuser153@mail.com,abcdefgh
fakeuser154@mail.com,abcdefgh
fakeuser155@mail.com,abcdefgh
fakeuser156@mail.com,abcdefgh
fakeuser157@mail.com,abcdefgh
fakeuser158@mail.com,abcdefgh
fakeuser159@mail.com,abcdefgh
fakeuser160@mail.com,abcdefgh
fakeuser161@mail.com,abcdefgh
fakeuser162@mail.com,abcdefgh
fakeuser163@mail.com,abcdefgh
fakeuser164@mail.com,abcdefgh
fakeuser165@mail.com,abcdefgh
fakeuser166@mail.com,abcdefgh
fakeuser167@mail.com,abcdefgh
fakeuser168@mail.com,abcdefgh
fakeuser169@mail.com,abcdefgh
fakeuser170@mail.com,abcdefgh
fakeuser171@mail.com,abcdefgh
fakeuser172@mail.com,abcdefgh
fakeuser173@mail.com,abcdefgh
fakeuser174@mail.com,abcdefgh
fakeuser175@mail.com,abcdefgh
fakeuser176@mail.com,abcdefgh
fakeuser177@mail.com,abcdefgh
fakeuser178@mail.com,abcdefgh
fakeuser179@mail.com,abcdefgh
fakeuser180@mail.com,abcdefgh
fakeuser181@mail.com,abcdefgh
fakeuser182@mail.com,abcdefgh
fakeuser183@mail.com,abcdefgh
fakeuser184@mail.com,abcdefgh
fakeuser185@mail.com,abcdefgh
fakeuser186@mail.com,abcdefgh
fakeuser187@mail.com,abcdefgh
fakeuser188@mail.com,abcdefgh
fakeuser189@mail.com,abcdefgh
fakeuser190@mail.com,abcdefgh
fakeuser191@mail.com,abcdefgh
fakeuser192@mail.com,abcdefgh
fakeuser193@mail.com,abcdefgh
fakeuser194@mail.com,abcdefgh
fakeuser195@mail.com,abcdefgh
fakeuser196@mail.com,abcdefgh
fakeuser197@mail.com,abcdefgh
fakeuser198@mail.com,abcdefgh
fakeuser199@mail.com,abcdefgh
fakeuser200@mail.com,abcdefgh
fakeuser201@mail.com,abcdefgh
fakeuser202@mail.com,abcdefgh
fakeuser203@mail.com,abcdefgh
fakeuser204@mail.com,abcdefgh
fakeuser205@mail.com,abcdefgh
fakeuser206@mail.com,abcdefgh
fakeuser207@mail.com,abcdefgh
fakeuser208@mail.com,abcdefgh
fakeuser209@mail.com,abcdefgh
fakeuser210@mail.com,abcdefgh
fakeuser211@mail.com,abcdefgh
fakeuser212@mail.com,abcdefgh
fakeuser213@mail.com,abcdefgh
fakeuser214@mail.com,abcdefgh
fakeuser215@mail.com,abcdefgh
fakeuser216@mail.com,abcdefgh
fakeuser217@mail.com,abcdefgh
fakeuser218@mail.com,abcdefgh
fakeuser219@mail.com,abcdefgh
fakeuser220@mail.com,abcdefgh
fakeuser221@mail.com,abcdefgh
fakeuser222@mail.com,abcdefgh
fakeuser223@mail.com,abcdefgh
fakeuser224@mail.com,abcdefgh
fakeuser225@mail.com,abcdefgh
fakeuser226@mail.com,abcdefgh
fakeuser227@mail.com,abcdefgh
fakeuser228@mail.com,abcdefgh
fakeuser229@mail.com,abcdefgh
fakeuser230@mail.com,abcdefgh
fakeuser231@mail.com,abcdefgh
fakeuser232@mail.com,abcdefgh
fakeuser233@mail.com,abcdefgh
fakeuser234@mail.com,abcdefgh
fakeuser235@mail.com,abcdefgh
fakeuser236@mail.com,abcdefgh
fakeuser237@mail.com,abcdefgh
fakeuser238@mail.com,abcdefgh
fakeuser239@mail.com,abcdefgh
fakeuser240@mail.com,abcdefgh
fakeuser241@mail.com,abcdefgh
fakeuser242@mail.com,abcdefgh
fakeuser243@mail.com,abcdefgh
fakeuser244@mail.com,abcdefgh
fakeuser245@mail.com,abcdefgh
fakeuser246@mail.com,abcdefgh
fakeuser247@mail.com,abcdefgh
fakeuser248@mail.com,abcdefgh
fakeuser249@mail.com,abcdefgh
fakeuser250@mail.com,abcdefgh
fakeuser251@mail.com,abcdefgh
fakeuser252@mail.com,abcdefgh
fakeuser253@mail.com,abcdefgh
fakeuser254@mail.com,abcdefgh
fakeuser255@mail.com,abcdefgh
fakeuser256@mail.com,abcdefgh
fakeuser257@mail.com,abcdefgh
fakeuser258@mail.com,abcdefgh
fakeuser259@mail.com,abcdefgh
fakeuser260@mail.com,abcdefgh
fakeuser261@mail.com,abcdefgh
fakeuser262@mail.com,abcdefgh
fakeuser263@mail.com,abcdefgh
fakeuser264@mail.com,abcdefgh
fakeuser265@mail.com,abcdefgh
fakeuser266@mail.com,abcdefgh
fakeuser267@mail.com,abcdefgh
fakeuser268@mail.com,abcdefgh
fakeuser269@mail.com,abcdefgh
fakeuser270@mail.com,abcdefgh
fakeuser271@mail.com,abcdefgh
fakeuser272@mail.com,abcdefgh
fakeuser273@mail.com,abcdefgh
fakeuser274@mail.com,abcdefgh
fakeuser275@mail.com,abcdefgh
fakeuser276@mail.com,abcdefgh
fakeuser277@mail.com,abcdefgh
fakeuser278@mail.com,abcdefgh
fakeuser279@mail.com,abcdefgh
fakeuser280@mail.com,abcdefgh
fakeuser281@mail.com,abcdefgh
fakeuser282@mail.com,abcdefgh
fakeuser283@mail.com,abcdefgh
fakeuser284@mail.com,abcdefgh
fakeuser285@mail.com,abcdefgh
fakeuser286@mail.com,abcdefgh
fakeuser287@mail.com,abcdefgh
fakeuser288@mail.com,abcdefgh
fakeuser289@mail.com,abcdefgh
fakeuser290@mail.com,abcdefgh
fakeuser291@mail.com,abcdefgh
fakeuser292@mail.com,abcdefgh
fakeuser293@mail.com,abcdefgh
fakeuser294@mail.com,abcdefgh
fakeuser295@mail.com,abcdefgh
fakeuser296@mail.com,abcdefgh
fakeuser297@mail.com,abcdefgh
fakeuser298@mail.com,abcdefgh
fakeuser299@mail.com,abcdefgh
fakeuser300@mail.com,abcdefgh
fakeuser301@mail.com,abcdefgh
fakeuser302@mail.com,abcdefgh
fakeuser303@mail.com,abcdefgh
fakeuser304@mail.com,abcdefgh
fakeuser305@mail.com,abcdefgh
fakeuser306@mail.com,abcdefgh
fakeuser307@mail.com,abcdefgh
fakeuser308@mail.com,abcdefgh
fakeuser309@mail.com,abcdefgh
fakeuser310@mail.com,abcdefgh
fakeuser311@mail.com,abcdefgh
fakeuser312@mail.com,abcdefgh
fakeuser313@mail.com,abcdefgh
fakeuser314@mail.com,abcdefgh
fakeuser315@mail.com,abcdefgh
fakeuser316@mail.com,abcdefgh
fakeuser317@mail.com,abcdefgh
fakeuser318@mail.com,abcdefgh
fakeuser319@mail.com,abcdefgh
fakeuser320@mail.com,abcdefgh
fakeuser321@mail.com,abcdefgh
fakeuser322@mail.com,abcdefgh
fakeuser323@mail.com,abcdefgh
fakeuser324@mail.com,abcdefgh
fakeuser325@mail.com,abcdefgh
fakeuser326@mail.com,abcdefgh
fakeuser327@mail.com,abcdefgh
fakeuser328@mail.com,abcdefgh
fakeuser329@mail.com,abcdefgh
fakeuser330@mail.com,abcdefgh
fakeuser331@mail.com,abcdefgh
fakeuser332@mail.com,abcdefgh
fakeuser333@mail.com,abcdefgh
fakeuser334@mail.com,abcdefgh
fakeuser335@mail.com,abcdefgh
fakeuser336@mail.com,abcdefgh
fakeuser337@mail.com,abcdefgh
fakeuser338@mail.com,abcdefgh
fakeuser339@mail.com,abcdefgh
fakeuser340@mail.com,abcdefgh
fakeuser341@mail.com,abcdefgh
fakeuser342@mail.com,abcdefgh
fakeuser343@mail.com,abcdefgh
fakeuser344@mail.com,abcdefgh
fakeuser345@mail.com,abcdefgh
fakeuser346@mail.com,abcdefgh
fakeuser347@mail.com,abcdefgh
fakeuser348@mail.com,abcdefgh
fakeuser349@mail.com,abcdefgh
fakeuser350@mail.com,abcdefgh
fakeuser351@mail.com,abcdefgh
fakeuser352@mail.com,abcdefgh
fakeuser353@mail.com,abcdefgh
fakeuser354@mail.com,abcdefgh
fakeuser355@mail.com,abcdefgh
fakeuser356@mail.com,abcdefgh
fakeuser357@mail.com,abcdefgh
fakeuser358@mail.com,abcdefgh
fakeuser359@mail.com,abcdefgh
fakeuser360@mail.com,abcdefgh
fakeuser361@mail.com,abcdefgh
fakeuser362@mail.com,abcdefgh
fakeuser363@mail.com,abcdefgh
fakeuser364@mail.com,abcdefgh
fakeuser365@mail.com,abcdefgh
fakeuser366@mail.com,abcdefgh
fakeuser367@mail.com,abcdefgh
fakeuser368@mail.com,abcdefgh
fakeuser369@mail.com,abcdefgh
fakeuser370@mail.com,abcdefgh
fakeuser371@mail.com,abcdefgh
fakeuser372@mail.com,abcdefgh
fakeuser373@mail.com,abcdefgh
fakeuser374@mail.com,abcdefgh
fakeuser375@mail.com,abcdefgh
fakeuser376@mail.com,abcdefgh
fakeuser377@mail.com,abcdefgh
fakeuser378@mail.com,abcdefgh
fakeuser379@mail.com,abcdefgh
fakeuser380@mail.com,abcdefgh
fakeuser381@mail.com,abcdefgh
fakeuser382@mail.com,abcdefgh
fakeuser383@mail.com,abcdefgh
fakeuser384@mail.com,abcdefgh
fakeuser385@mail.com,abcdefgh
fakeuser386@mail.com,abcdefgh
fakeuser387@mail.com,abcdefgh
fakeuser388@mail.com,abcdefgh
fakeuser389@mail.com,abcdefgh
fakeuser390@mail.com,abcdefgh
fakeuser391@mail.com,abcdefgh
fakeuser392@mail.com,abcdefgh
fakeuser393@mail.com,abcdefgh
fakeuser394@mail.com,abcdefgh
fakeuser395@mail.com,abcdefgh
fakeuser396@mail.com,abcdefgh
fakeuser397@mail.com,abcdefgh
fakeuser398@mail.com,abcdefgh
fakeuser399@mail.com,abcdefgh
fakeuser400@mail.com,abcdefgh
